id,externalID,title,slug,description,Transmission Type,Model,Air Conditioning,Down Payment,Version,Power (hp),Body Type,Brand,Fuel Type,Condition,Price Type,Number of seats,Source,Virtual Tour,Payment Options,Kilometers,Number of Owners,Color,Display down payment,Video,Year,Consumption (l/100 km),Number of doors,Interior,Price,Engine Capacity (CC),createdAt,updatedAt,_sourceURL,_ingestionDate,feature_Keyless Entry,feature_Power Steering,feature_Power Windows,feature_Steering Switches,feature_Keyless Start,feature_Touch Screen,feature_ABS,feature_Airbags,feature_Power Mirrors,feature_Power Seats,feature_Front Camera,feature_Rear View Camera,feature_EBD,feature_Parking Sensors,feature_ESP,feature_Front Speakers,feature_Rear speakers,feature_USB Charger,feature_Bluetooth System,feature_Premium Wheels/Rims,feature_Cruise Control,feature_Navigation System,feature_Power Locks,feature_Sunroof,feature_Fog Lights,feature_Roof Rack,feature_Daytime running lights,feature_Start/Stop system,feature_AM/FM Radio,feature_CD Player,feature_Cassette Player,feature_Cool Box,feature_DVD Player,feature_Heated seats,feature_Immobilizer Key,feature_Rear Seat Entertainment,feature_Alarm/Anti-Theft System,feature_Aux Audio In,feature_Off-Road Tyres,feature_Equipped for disabled,feature_Isofix,feature_Tyre pressure sensor,feature_Xenon Headlights,first_seen_date,scd_valid_from,scd_valid_to,status
28019387,207877302,Cadillac Escalade Platinum 2024,cadillac-escalade-platinum-2024,"Cadillac Escalade Platinum 

Model 2024 

Zero

Fully loaded 

كاميرا 360° مع حساسات
فوانيس LED Cadillac
جنوط 22 إنش
عتب كهربا
(Keyless Entry)
أبواب شفط (Soft Close)
شنطة كهرباء
فتحة سقف بانوراما
كراسي كهرباء بالكامل
كراسي تسخين وتبريد
شاشة عرض على الزجاج الأمامي (Head Up Display)
نظام FZone
شاشات خلفية
عفشة هيدروليك

يوجد جميع أنظمة التقسيط
مقدم يبدأ من 10% فقط
بدون مصاريف إدارية
بدون تأمين إجباري
خصم فوري داخل الشركة على الدفع الكاش",Automatic,Escalade,Automatic air conditioning 4 zones,,,,SUV,Cadillac,Benzine,New,Negotiable,,,,Cash or Installment,0.0,,Black,true,,2024.0,,4/5,Full Leather,12500000.0,,2026-05-07T17:11:13.919802+00:00,2026-05-07T17:22:21.354350+00:00,https://www.dubizzle.com.eg/ad/cadillac-escalade-platinum-2024-ID207877302.html,2026-05-08,,,,,,,,,,,,,,,,,,,,,,,,,,,,,,,,,,,,,,,,,,,,2026-05-08,2026-05-08,2026-05-18,deleted
28569139,208243235,Cupra Leon 2025,cupra-leon-2025,"كوبرا ليون ٢٠٢٥
٣٣،٠٠٠ كم
جميع الصيانات معمولة 
بروتكشن من protect me",Automatic,Leon,Automatic air conditioning 3 zones,,Cupra Leon,150.0,Hatchback,Cupra,Benzine,Used,Price,,,,Cash,33000.0,,Black,,,2025.0,,4/5,Full Leather,1680000.0,1400.0,2026-06-21T17:41:28.121064+00:00,2026-07-01T08:30:24.808178+00:00,https://www.dubizzle.com.eg/ad/cupra-leon-2025-ID208243235.html,2026-07-02,,,,,,,,,,,,,,,,,,,,,,,,,,,,,,,,,,,,,,,,,,,,2026-06-22,2026-07-02,2026-07-03,deleted
27885213,h7209472,اسبيرانزا A113 2013 للبيع أسيوط,اسبيرانزا-a113-2013-للبيع-أسيوط,false,Manual,A113,,,,,Hatchback,Speranza,Benzine,Used,Price,,,,,192000.0,,Black,,,2013.0,,,,225000.0,,2026-04-27T18:37:11+00:00,2026-05-09T06:46:47+00:00,https://www.dubizzle.com.eg/ad/اسبيرانزا-a113-2013-للبيع-أسيوط-IDh7209472.html,2026-05-10,,,,,,,,,,,,,,,,,,,,,,,,,,,,,,,,,,,,,,,,,,,,2026-04-28,2026-05-10,2026-05-19,deleted
26975149,207164787,الوحيده 7الف كيلو فقط اعلي فئه بصمه نيسان صني 2024,الوحيده-7الف-كيلو-فقط-اعلي-فئه-بصمه-نيسان-صني-2024,"نيسان صني اعلي فئه بصمه 7 الف كيلو فقط 
صيانه توكيل رخصه سنه",Automatic,Sunny,Automatic air conditioning,,,,Sedan,Nissan,Benzine,Used,Price,5.0,Company Source,Not Available,Cash or Installment,7000.0,1.0,Beige,,Not Available,2024.0,,4/5,Full Leather,700000.0,1600.0,2026-02-08T02:52:17.646884+00:00,2026-02-20T12:44:48.071213+00:00,https://www.dubizzle.com.eg/ad/الوحيده-7الف-كيلو-فقط-اعلي-فئه-بصمه-نيسان-صني-2024-ID207164787.html,2026-03-07,,,,,,,,,,,,,,,,,,,,,,,,,,,,,,,,,,,,,,,,,,,,2026-03-07,2026-03-07,2026-03-10,deleted
27549061,207568965,Seat Ibiza 1998 1998,seat-ibiza-1998-1998,"للبيع SEAT Ibiza 1998 بحالة ممتازة، العربية استخدام عائلي وانا المالك مباشرة، موتور بحالة كويسة جدًا وبتسافر بدون مشاكل، وفتيس مانيوال ناعم، العربية موفرة في البنزين ومريحة في الاستخدام اليومي، محتاجة سيرفيس بسيط فقط، البيع لعدم الحاجة والإقامة بالخارج، السعر قابل للتفاوض للجادين. 
 المواصفات:

موتور بحالة كويسة جدًا
فتيس مانيوال
لا يوجد تكييف (وقابل للتركيب لو حابب)
زجاج كهرباء أمامي فقط
سنتر لوك
رخصة سارية (فحص حتى 27)
استهلاك بنزين اقتصادي
الدواخل فابريكة بالكامل، وكان فيها خبطة خفيفة في الشنطة من جهة الفانوس الشمال وتم إصلاحها بالكامل بشكل جيد، والشاسيهات سليمة تمامًا بفضل الله. 
تحتاج إلى بعض الأمور البسيطة لعدم وجود الوقت الكافي للإصلاح، ويراعى ذلك في التفاوض. 
المعاينة في مدينة العاشر من رمضان. 
والتواصل علي الواتس اب. 
[redacted phone number]#(+971556609365)",Manual,Ibiza,A/C manual,,1998,150.0,Hatchback,Seat,Diesel,Used,Negotiable,5.0,Company Source,Not Available,Cash,150000.0,1.0,Silver,,Not Available,1998.0,10.0,4/5,Cloth,153000.0,1600.0,2026-04-02T09:59:43.079841+00:00,2026-04-02T10:09:44.471081+00:00,https://www.dubizzle.com.eg/ad/seat-ibiza-1998-1998-ID207568965.html,2026-04-03,,,,,,,,,,,,,,,,,,,,,,,,,,,,,True,,,,,,,,,,,,,,,2026-04-03,2026-04-03,2026-05-03,deleted
